{"cameraMode":{"drawMode":0,"name":"Shaded","section":"Shading Mode"},"sceneLighting":true,"audioPlay":false,"sceneViewState":{"showFog":true,"showMaterialUpdate":false,"showSkybox":true,"showFlares":true,"showImageEffects":true,"showParticleSystems":true},"in2DMode":false,"pivot":{"x":653.0698852539063,"y":462.4375915527344,"z":-826.985107421875},"rotation":{"x":0.056946102529764178,"y":-0.028450021520256997,"z":0.001623452757485211,"w":0.9979718327522278},"size":28.649723052978517,"orthographic":false}